2026-05-03_13-43-33,0,main.go:2026-05-03_13-43-33
2026-05-03_13-44-23,0,main.go:2026-05-03_13-44-23
2026-05-03_13-49-25,0,main.go:2026-05-03_13-49-25
2026-05-03_13-50-12,0,main.go:2026-05-03_13-50-12
2026-05-10_15-51-35,0,main.go:2026-05-10_15-51-35
2026-05-10_15-53-49,0,main.go:2026-05-10_15-53-49
2026-05-10_15-54-22,0,main.go:2026-05-10_15-54-22
2026-05-10_15-55-34,16,main.go:2026-05-10_15-55-34
2026-05-10_16-01-27,0,main.go:2026-05-10_16-01-27
2026-05-10_16-01-43,16,main.go:2026-05-10_16-01-43
2026-05-10_16-01-57,33,main.go:2026-05-10_16-01-57
2026-05-10_16-07-46,50,main.go:2026-05-10_16-07-46
2026-05-10_16-10-08,66,main.go:2026-05-10_16-10-08
2026-05-10_16-11-21,83,main.go:2026-05-10_16-11-21
2026-05-10_16-14-42,0,main.go:2026-05-10_16-14-42
2026-05-10_16-15-06,0,main.go:2026-05-10_16-15-06
2026-05-10_16-15-39,0,main.go:2026-05-10_16-15-39
2026-05-10_16-16-42,0,main.go:2026-05-10_16-16-42
2026-05-10_16-17-00,0,main.go:2026-05-10_16-17-00
2026-05-10_16-17-58,100,main.go:2026-05-10_16-17-58
