2026-05-11_08-29-16,0,draft.go:2026-05-11_08-29-16
2026-05-11_08-29-25,0,draft.go:2026-05-11_08-29-25
2026-05-11_08-36-46,0,draft.go:2026-05-11_08-36-46
2026-05-11_09-15-04,0,draft.go:2026-05-11_09-15-04
2026-05-11_09-25-48,0,draft.go:2026-05-11_09-25-48
2026-05-11_09-38-37,0,draft.go:2026-05-11_09-25-48
2026-05-11_09-38-39,0,draft.go:2026-05-11_09-38-39
2026-05-11_09-40-08,0,draft.go:2026-05-11_09-40-08
2026-05-11_09-42-31,0,draft.go:2026-05-11_09-42-31
2026-05-11_09-45-47,0,draft.go:2026-05-11_09-45-47
2026-05-11_09-46-04,0,draft.go:2026-05-11_09-46-04
2026-05-11_09-47-38,0,draft.go:2026-05-11_09-46-04
2026-05-11_09-47-43,0,draft.go:2026-05-11_09-47-43
2026-05-11_09-47-58,0,draft.go:2026-05-11_09-47-58
2026-05-11_09-48-35,0,draft.go:2026-05-11_09-48-35
2026-05-11_09-50-53,46,draft.go:2026-05-11_09-50-53
2026-05-11_09-51-31,46,draft.go:2026-05-11_09-51-31
2026-05-11_09-52-02,46,draft.go:2026-05-11_09-51-31
2026-05-11_09-52-50,100,draft.go:2026-05-11_09-52-50
2026-05-11_09-53-32,100,draft.go:2026-05-11_09-52-50
