2026-03-21_20-44-11,0,draft.go:2026-03-21_20-44-11
2026-03-21_20-44-30,0,draft.go:2026-03-21_20-44-30
2026-03-21_20-48-59,0,draft.go:2026-03-21_20-48-59;tempCodeRunnerFile.go:2026-03-21_20-48-59
2026-03-21_20-54-19,0,draft.go:2026-03-21_20-54-19;tempCodeRunnerFile.go:2026-03-21_20-48-59
2026-03-21_20-57-02,0,draft.go:2026-03-21_20-57-02;tempCodeRunnerFile.go:2026-03-21_20-48-59
2026-03-21_20-58-05,0,draft.go:2026-03-21_20-58-05;tempCodeRunnerFile.go:2026-03-21_20-48-59
2026-03-21_21-04-41,0,draft.go:2026-03-21_21-04-41;tempCodeRunnerFile.go:2026-03-21_20-48-59
2026-03-21_21-05-21,0,draft.go:2026-03-21_21-05-21;tempCodeRunnerFile.go:2026-03-21_20-48-59
2026-03-21_21-06-14,0,draft.go:2026-03-21_21-06-14;tempCodeRunnerFile.go:2026-03-21_20-48-59
2026-03-21_21-06-53,0,draft.go:2026-03-21_21-06-53;tempCodeRunnerFile.go:2026-03-21_20-48-59
2026-03-21_21-06-59,0,draft.go:2026-03-21_21-06-53;tempCodeRunnerFile.go:2026-03-21_20-48-59
2026-03-21_21-07-09,0,draft.go:2026-03-21_21-07-09;tempCodeRunnerFile.go:2026-03-21_20-48-59
2026-03-21_21-11-59,0,draft.go:2026-03-21_21-11-59;tempCodeRunnerFile.go:2026-03-21_20-48-59
2026-03-21_21-12-45,0,draft.go:2026-03-21_21-12-45;tempCodeRunnerFile.go:2026-03-21_20-48-59
2026-03-21_21-13-41,0,draft.go:2026-03-21_21-13-41;tempCodeRunnerFile.go:2026-03-21_20-48-59
2026-03-21_21-14-31,0,draft.go:2026-03-21_21-14-31;tempCodeRunnerFile.go:2026-03-21_20-48-59
2026-03-21_21-16-36,0,draft.go:2026-03-21_21-16-36;tempCodeRunnerFile.go:2026-03-21_20-48-59
2026-03-21_21-33-21,0,draft.go:2026-03-21_21-33-21;tempCodeRunnerFile.go:2026-03-21_20-48-59
2026-03-21_21-34-34,0,draft.go:2026-03-21_21-34-34;tempCodeRunnerFile.go:2026-03-21_20-48-59
2026-03-21_21-35-23,0,draft.go:2026-03-21_21-35-23;tempCodeRunnerFile.go:2026-03-21_20-48-59
2026-03-21_21-37-23,0,draft.go:2026-03-21_21-37-23;tempCodeRunnerFile.go:2026-03-21_20-48-59
2026-03-21_21-37-58,0,draft.go:2026-03-21_21-37-58;tempCodeRunnerFile.go:2026-03-21_20-48-59
2026-03-21_21-44-16,0,draft.go:2026-03-21_21-44-16;tempCodeRunnerFile.go:2026-03-21_20-48-59
2026-03-21_21-46-25,0,draft.go:2026-03-21_21-46-25;tempCodeRunnerFile.go:2026-03-21_20-48-59
2026-03-21_21-47-17,25,draft.go:2026-03-21_21-47-17;tempCodeRunnerFile.go:2026-03-21_20-48-59
2026-03-21_21-49-41,25,draft.go:2026-03-21_21-49-41;tempCodeRunnerFile.go:2026-03-21_20-48-59
2026-03-21_21-57-25,50,draft.go:2026-03-21_21-57-25;tempCodeRunnerFile.go:2026-03-21_20-48-59
2026-03-21_21-58-00,25,draft.go:2026-03-21_21-58-00;tempCodeRunnerFile.go:2026-03-21_20-48-59
2026-03-21_21-58-16,25,draft.go:2026-03-21_21-58-16;tempCodeRunnerFile.go:2026-03-21_20-48-59
2026-03-21_21-59-52,25,draft.go:2026-03-21_21-59-52;tempCodeRunnerFile.go:2026-03-21_20-48-59
2026-03-21_22-00-18,25,draft.go:2026-03-21_22-00-18;tempCodeRunnerFile.go:2026-03-21_20-48-59
2026-03-21_22-00-26,25,draft.go:2026-03-21_22-00-26;tempCodeRunnerFile.go:2026-03-21_20-48-59
2026-03-21_22-01-24,25,draft.go:2026-03-21_22-01-24;tempCodeRunnerFile.go:2026-03-21_20-48-59
2026-03-21_22-03-17,25,draft.go:2026-03-21_22-03-17;tempCodeRunnerFile.go:2026-03-21_20-48-59
2026-03-21_22-04-00,100,draft.go:2026-03-21_22-04-00;tempCodeRunnerFile.go:2026-03-21_20-48-59
