2026-03-23_10-15-53,0,gomos.go:2026-03-23_10-15-53
2026-03-23_10-17-43,0,gomos.go:2026-03-23_10-17-43
2026-03-23_10-22-06,0,gomos.go:2026-03-23_10-22-06
2026-03-23_10-28-35,0,gomos.go:2026-03-23_10-28-35;tempCodeRunnerFile.go:2026-03-23_10-28-35
2026-03-23_10-29-11,0,gomos.go:2026-03-23_10-28-35;tempCodeRunnerFile.go:2026-03-23_10-28-35
2026-03-23_10-29-56,0,gomos.go:2026-03-23_10-28-35;tempCodeRunnerFile.go:2026-03-23_10-28-35
2026-03-23_10-30-04,0,gomos.go:2026-03-23_10-28-35;tempCodeRunnerFile.go:2026-03-23_10-28-35
2026-03-23_10-31-01,0,gomos.go:2026-03-23_10-28-35;tempCodeRunnerFile.go:2026-03-23_10-28-35
2026-03-23_10-31-06,0,gomos.go:2026-03-23_10-28-35;tempCodeRunnerFile.go:2026-03-23_10-28-35
2026-03-23_10-33-04,0,gomos.go:2026-03-23_10-33-04;tempCodeRunnerFile.go:2026-03-23_10-28-35
2026-03-23_10-33-04,0,gomos.go:2026-03-23_10-33-04;tempCodeRunnerFile.go:2026-03-23_10-28-35
2026-03-23_10-34-13,0,gomos.go:2026-03-23_10-34-13
2026-03-23_11-01-49,0,gomos.go:2026-03-23_11-01-49
2026-03-23_11-04-12,0,gomos.go:2026-03-23_11-04-12
2026-03-23_11-05-05,0,gomos.go:2026-03-23_11-05-05
2026-03-23_11-05-21,0,gomos.go:2026-03-23_11-05-21
2026-03-23_11-05-37,16,gomos.go:2026-03-23_11-05-37
2026-03-23_11-15-10,33,gomos.go:2026-03-23_11-15-10
2026-03-23_11-17-25,33,gomos.go:2026-03-23_11-17-25
2026-03-23_11-23-39,33,gomos.go:2026-03-23_11-23-39
2026-03-23_11-25-38,50,gomos.go:2026-03-23_11-25-38
2026-03-23_11-32-46,66,gomos.go:2026-03-23_11-32-46
2026-03-23_11-33-05,100,gomos.go:2026-03-23_11-33-05
