2026-03-15_20-19-44,0,draft.go:2026-03-15_20-19-44
2026-03-15_20-19-44,0,draft.go:2026-03-15_20-19-44
2026-03-15_20-21-29,0,draft.go:2026-03-15_20-21-29
2026-03-15_20-24-54,0,draft.go:2026-03-15_20-21-29
2026-03-15_20-27-53,---,draft.go:2026-03-15_20-21-29
2026-03-15_20-59-40,---,draft.go:2026-03-15_20-21-29
2026-03-15_21-02-00,0,draft.go:2026-03-15_20-21-29
2026-03-15_21-03-00,0,draft.go:2026-03-15_20-21-29
2026-03-15_21-06-00,0,draft.go:2026-03-15_20-21-29
2026-03-16_14-56-42,---,draft.go:2026-03-16_14-56-42
2026-03-16_14-57-18,0,draft.go:2026-03-16_14-56-42
2026-03-16_14-57-37,0,draft.go:2026-03-16_14-57-37
2026-03-16_14-58-04,0,draft.go:2026-03-16_14-58-04
2026-03-16_14-58-21,0,draft.go:2026-03-16_14-58-21
2026-03-16_14-59-04,0,draft.go:2026-03-16_14-59-04
2026-03-16_15-43-41,0,draft.go:2026-03-16_15-43-41
2026-03-16_15-43-58,0,draft.go:2026-03-16_15-43-41
