2026-05-31_09-56-08,25,main.go:2026-05-31_09-56-08;stack.go:2026-05-31_09-56-08
2026-05-31_10-06-48,0,stack.go:2026-05-31_09-56-08;main.go:2026-05-31_10-06-48
2026-05-31_10-11-31,0,stack.go:2026-05-31_09-56-08;main.go:2026-05-31_10-11-31
2026-05-31_10-13-17,0,stack.go:2026-05-31_09-56-08;main.go:2026-05-31_10-13-17
2026-05-31_10-17-14,0,stack.go:2026-05-31_09-56-08;main.go:2026-05-31_10-17-14
2026-05-31_10-18-51,0,stack.go:2026-05-31_09-56-08;main.go:2026-05-31_10-18-51
2026-05-31_10-20-15,0,stack.go:2026-05-31_09-56-08;main.go:2026-05-31_10-20-15
2026-05-31_10-22-58,0,stack.go:2026-05-31_09-56-08;main.go:2026-05-31_10-22-58
2026-05-31_10-25-42,0,stack.go:2026-05-31_09-56-08;main.go:2026-05-31_10-25-42
2026-05-31_10-28-38,0,stack.go:2026-05-31_09-56-08;main.go:2026-05-31_10-28-38
2026-05-31_10-31-19,0,stack.go:2026-05-31_09-56-08;main.go:2026-05-31_10-31-19
2026-05-31_10-32-29,0,stack.go:2026-05-31_09-56-08;main.go:2026-05-31_10-32-29
2026-05-31_10-35-46,0,stack.go:2026-05-31_09-56-08;main.go:2026-05-31_10-35-46
2026-05-31_10-38-32,0,stack.go:2026-05-31_09-56-08;main.go:2026-05-31_10-38-32
2026-05-31_10-42-50,0,stack.go:2026-05-31_09-56-08;main.go:2026-05-31_10-38-32
2026-05-31_10-43-02,0,stack.go:2026-05-31_09-56-08;main.go:2026-05-31_10-43-02
2026-05-31_10-45-55,0,stack.go:2026-05-31_09-56-08;main.go:2026-05-31_10-45-55
2026-05-31_10-49-56,0,stack.go:2026-05-31_09-56-08;main.go:2026-05-31_10-49-56
2026-05-31_10-52-43,0,stack.go:2026-05-31_09-56-08;main.go:2026-05-31_10-52-43
2026-05-31_10-55-42,0,stack.go:2026-05-31_09-56-08;main.go:2026-05-31_10-55-42
2026-05-31_10-59-36,0,stack.go:2026-05-31_09-56-08;main.go:2026-05-31_10-59-36
2026-05-31_11-02-18,0,stack.go:2026-05-31_09-56-08;main.go:2026-05-31_11-02-18
2026-05-31_11-04-41,0,stack.go:2026-05-31_09-56-08;main.go:2026-05-31_11-04-41
2026-05-31_11-07-33,100,stack.go:2026-05-31_09-56-08;main.go:2026-05-31_11-07-33
2026-05-31_11-07-47,25,stack.go:2026-05-31_09-56-08;main.go:2026-05-31_11-07-47
2026-05-31_11-09-49,25,stack.go:2026-05-31_09-56-08;main.go:2026-05-31_11-07-47
2026-05-31_11-10-01,50,stack.go:2026-05-31_09-56-08;main.go:2026-05-31_11-10-01
2026-05-31_11-13-45,75,stack.go:2026-05-31_09-56-08;main.go:2026-05-31_11-13-45
2026-05-31_11-15-39,25,stack.go:2026-05-31_09-56-08;main.go:2026-05-31_11-15-39
2026-05-31_11-16-15,0,main.go:2026-05-31_11-16-15;stack.go:2026-05-31_09-56-08
2026-05-31_11-16-30,0,main.go:2026-05-31_11-16-30;stack.go:2026-05-31_09-56-08
2026-05-31_11-19-41,0,main.go:2026-05-31_11-19-41;stack.go:2026-05-31_09-56-08
2026-05-31_11-22-08,0,main.go:2026-05-31_11-22-08;stack.go:2026-05-31_09-56-08
2026-05-31_11-24-44,0,main.go:2026-05-31_11-24-44;stack.go:2026-05-31_09-56-08
2026-05-31_11-25-57,0,main.go:2026-05-31_11-25-57;stack.go:2026-05-31_09-56-08
2026-05-31_11-28-20,0,main.go:2026-05-31_11-28-20;stack.go:2026-05-31_09-56-08
2026-05-31_11-31-59,0,main.go:2026-05-31_11-31-59;stack.go:2026-05-31_09-56-08
2026-05-31_11-34-39,0,main.go:2026-05-31_11-34-39;stack.go:2026-05-31_09-56-08
2026-05-31_11-37-08,0,main.go:2026-05-31_11-37-08;stack.go:2026-05-31_09-56-08
2026-05-31_11-39-05,0,main.go:2026-05-31_11-39-05;stack.go:2026-05-31_09-56-08
2026-05-31_11-41-44,0,main.go:2026-05-31_11-41-44;stack.go:2026-05-31_09-56-08
2026-05-31_11-44-27,0,main.go:2026-05-31_11-44-27;stack.go:2026-05-31_09-56-08
2026-05-31_11-48-13,0,main.go:2026-05-31_11-48-13;stack.go:2026-05-31_09-56-08
2026-05-31_11-50-58,0,main.go:2026-05-31_11-50-58;stack.go:2026-05-31_09-56-08
2026-05-31_11-53-37,0,main.go:2026-05-31_11-53-37;stack.go:2026-05-31_09-56-08
2026-05-31_11-55-33,0,main.go:2026-05-31_11-55-33;stack.go:2026-05-31_09-56-08
2026-05-31_12-00-36,0,main.go:2026-05-31_12-00-36;stack.go:2026-05-31_09-56-08
2026-05-31_17-22-01,0,main.go:2026-05-31_17-22-01;stack.go:2026-05-31_09-56-08
2026-05-31_17-26-47,0,main.go:2026-05-31_17-26-47;stack.go:2026-05-31_09-56-08
2026-05-31_17-36-34,0,main.go:2026-05-31_17-36-34;stack.go:2026-05-31_09-56-08
2026-05-31_17-39-36,0,main.go:2026-05-31_17-39-36;stack.go:2026-05-31_09-56-08
2026-05-31_17-42-47,0,main.go:2026-05-31_17-42-47;stack.go:2026-05-31_09-56-08
2026-05-31_17-45-32,0,main.go:2026-05-31_17-45-32;stack.go:2026-05-31_09-56-08
2026-05-31_17-50-57,0,main.go:2026-05-31_17-50-57;stack.go:2026-05-31_09-56-08
2026-05-31_17-53-44,0,main.go:2026-05-31_17-53-44;stack.go:2026-05-31_09-56-08
2026-05-31_17-59-51,0,main.go:2026-05-31_17-59-51;stack.go:2026-05-31_09-56-08
2026-05-31_18-05-02,75,main.go:2026-05-31_18-05-02;stack.go:2026-05-31_09-56-08
2026-05-31_18-05-28,75,main.go:2026-05-31_18-05-02;stack.go:2026-05-31_09-56-08
2026-05-31_18-05-36,0,main.go:2026-05-31_18-05-36;stack.go:2026-05-31_09-56-08
2026-05-31_18-09-17,75,main.go:2026-05-31_18-09-17;stack.go:2026-05-31_09-56-08
2026-05-31_18-12-24,25,main.go:2026-05-31_18-12-24;stack.go:2026-05-31_09-56-08
2026-05-31_18-14-09,25,main.go:2026-05-31_18-12-24;stack.go:2026-05-31_09-56-08
2026-05-31_18-17-28,100,main.go:2026-05-31_18-17-28;stack.go:2026-05-31_09-56-08
