2026-05-12_09-13-01,0,main.go:2026-05-12_09-13-01
2026-05-12_09-13-06,0,main.go:2026-05-12_09-13-06
2026-05-12_09-14-44,0,main.go:2026-05-12_09-14-44
2026-05-12_09-15-52,---,main.go:2026-05-12_09-15-52
2026-05-12_09-28-30,0,main.go:2026-05-12_09-15-52
2026-05-12_09-29-12,0,main.go:2026-05-12_09-29-12
2026-05-12_09-29-18,0,main.go:2026-05-12_09-29-12
2026-05-12_09-31-28,0,main.go:2026-05-12_09-31-28
2026-05-12_09-32-12,0,main.go:2026-05-12_09-31-28
2026-05-12_09-33-20,0,main.go:2026-05-12_09-31-28
2026-05-12_09-33-27,0,main.go:2026-05-12_09-33-27
2026-05-12_09-34-38,100,main.go:2026-05-12_09-34-38
2026-05-21_15-14-35,100,main.go:2026-05-21_15-14-35
2026-05-21_15-14-35,100,main.go:2026-05-21_15-14-35
