2026-05-20_10-14-31,---,draft.go:2026-05-20_10-14-31
2026-05-20_10-46-30,0,draft.go:2026-05-20_10-46-30
2026-05-20_11-01-44,0,draft.go:2026-05-20_11-01-44
2026-05-20_11-01-46,0,draft.go:2026-05-20_11-01-44
2026-05-20_11-01-46,0,draft.go:2026-05-20_11-01-44
2026-05-20_11-01-47,0,draft.go:2026-05-20_11-01-44
2026-05-20_11-01-47,0,draft.go:2026-05-20_11-01-44
2026-05-20_11-17-37,20,draft.go:2026-05-20_11-17-37
2026-05-20_11-18-37,0,draft.go:2026-05-20_11-18-37
2026-05-20_11-18-48,0,draft.go:2026-05-20_11-18-37
2026-05-20_11-18-57,0,draft.go:2026-05-20_11-18-57
2026-05-20_11-19-03,0,draft.go:2026-05-20_11-19-03
2026-05-20_11-23-58,20,draft.go:2026-05-20_11-23-58
2026-05-20_11-43-01,100,draft.go:2026-05-20_11-43-01
