2026-05-29_08-26-52,0,draft.go:2026-05-29_08-26-52
2026-05-29_09-24-58,0,draft.go:2026-05-29_09-24-58
2026-05-31_09-50-12,0,draft.go:2026-05-31_09-50-12
2026-05-31_09-51-08,---,draft.go:2026-05-31_09-51-08
2026-05-31_09-51-40,0,draft.go:2026-05-31_09-51-08
2026-05-31_09-51-58,0,draft.go:2026-05-31_09-51-58
2026-05-31_09-52-21,16,draft.go:2026-05-31_09-52-21
2026-05-31_09-52-26,16,draft.go:2026-05-31_09-52-21
2026-05-31_09-52-35,0,draft.go:2026-05-31_09-52-35
2026-05-31_09-52-41,100,draft.go:2026-05-31_09-52-41
