2026-07-12_21-15-52,0,main.go:2026-07-12_21-15-52
2026-07-12_21-31-59,0,main.go:2026-07-12_21-31-59
2026-07-12_21-45-08,0,main.go:2026-07-12_21-45-08
2026-07-12_21-45-26,0,main.go:2026-07-12_21-45-08
2026-07-12_21-50-01,0,main.go:2026-07-12_21-50-01
2026-07-12_21-52-25,0,main.go:2026-07-12_21-52-25
2026-07-12_22-05-11,0,main.go:2026-07-12_22-05-11
2026-07-12_22-06-59,0,main.go:2026-07-12_22-06-59
2026-07-12_22-06-59,---,main.go:2026-07-12_22-06-59
2026-07-12_22-07-07,0,main.go:2026-07-12_22-07-07
2026-07-12_22-15-00,0,main.go:2026-07-12_22-15-00
2026-07-12_22-15-11,66,main.go:2026-07-12_22-15-11
2026-07-12_22-15-48,66,main.go:2026-07-12_22-15-11
2026-07-12_22-26-32,100,main.go:2026-07-12_22-26-32
